New Scanning Bug telkomsel 2020

Created Boychongzen aka Xroot



7in1.untan.ac.id

7in1.untan.ac.id<BR>mail.7in1.untan.ac.id<BR>www.7in1.untan.ac.id

7in1.untan.ac.id<BR>cpanel.7in1.untan.ac.id<BR>mail.7in1.untan.ac.id<BR>webdisk.7in1.untan.ac.id<BR>webmail.7in1.untan.ac.id<BR>www.7in1.untan.ac.id

accounting.untan.ac.id<BR>mail.accounting.untan.ac.id<BR>www.accounting.untan.ac.id

adiakbar.untan.ac.id<BR>mail.adiakbar.untan.ac.id<BR>www.adiakbar.untan.ac.id

adiakbar.untan.ac.id<BR>cpanel.adiakbar.untan.ac.id<BR>mail.adiakbar.untan.ac.id<BR>webdisk.adiakbar.untan.ac.id<BR>webmail.adiakbar.untan.ac.id<BR>www.adiakbar.untan.ac.id

adm.untan.ac.id<BR>cpanel.adm.untan.ac.id<BR>mail.adm.untan.ac.id<BR>webdisk.adm.untan.ac.id<BR>webmail.adm.untan.ac.id<BR>www.adm.untan.ac.id

agri.untan.ac.id<BR>cpanel.agri.untan.ac.id<BR>mail.agri.untan.ac.id<BR>webdisk.agri.untan.ac.id<BR>webmail.agri.untan.ac.id<BR>www.agri.untan.ac.id

agribisnis.untan.ac.id

agribisnis.untan.ac.id<BR>mail.agribisnis.untan.ac.id<BR>www.agribisnis.untan.ac.id

agribisnis.untan.ac.id<BR>cpanel.agribisnis.untan.ac.id<BR>mail.agribisnis.untan.ac.id<BR>webdisk.agribisnis.untan.ac.id<BR>webmail.agribisnis.untan.ac.id<BR>www.agribisnis.untan.ac.id

agriculture.untan.ac.id<BR>cpanel.agriculture.untan.ac.id<BR>mail.agriculture.untan.ac.id<BR>webdisk.agriculture.untan.ac.id<BR>webmail.agriculture.untan.ac.id<BR>www.agriculture.untan.ac.id

agriman.untan.ac.id

agriman.untan.ac.id<BR>cpanel.agriman.untan.ac.id<BR>mail.agriman.untan.ac.id<BR>webdisk.agriman.untan.ac.id<BR>webmail.agriman.untan.ac.id<BR>www.agriman.untan.ac.id

agrotech.untan.ac.id<BR>cpanel.agrotech.untan.ac.id<BR>mail.agrotech.untan.ac.id<BR>webdisk.agrotech.untan.ac.id<BR>webmail.agrotech.untan.ac.id<BR>www.agrotech.untan.ac.id

americancorner.untan.ac.id

americancorner.untan.ac.id<BR>cpanel.americancorner.untan.ac.id<BR>mail.americancorner.untan.ac.id<BR>webdisk.americancorner.untan.ac.id<BR>webmail.americancorner.untan.ac.id<BR>www.americancorner.untan.ac.id

api.untan.ac.id

apotekkite.untan.ac.id

apotekkite.untan.ac.id<BR>mail.apotekkite.untan.ac.id<BR>www.apotekkite.untan.ac.id

apotekkite.untan.ac.id<BR>cpanel.apotekkite.untan.ac.id<BR>mail.apotekkite.untan.ac.id<BR>webdisk.apotekkite.untan.ac.id<BR>webmail.apotekkite.untan.ac.id<BR>www.apotekkite.untan.ac.id

arch.untan.ac.id

arch.untan.ac.id<BR>mail.arch.untan.ac.id<BR>www.arch.untan.ac.id

arch.untan.ac.id<BR>cpanel.arch.untan.ac.id<BR>mail.arch.untan.ac.id<BR>webdisk.arch.untan.ac.id<BR>webmail.arch.untan.ac.id<BR>www.arch.untan.ac.id

artedu.untan.ac.id

artedu.untan.ac.id<BR>cpanel.artedu.untan.ac.id<BR>mail.artedu.untan.ac.id<BR>webdisk.artedu.untan.ac.id<BR>webmail.artedu.untan.ac.id<BR>www.artedu.untan.ac.id

bantuanstudi.untan.ac.id

bclc.untan.ac.id

bclc.untan.ac.id<BR>mail.bclc.untan.ac.id<BR>www.bclc.untan.ac.id

bclc.untan.ac.id<BR>cpanel.bclc.untan.ac.id<BR>mail.bclc.untan.ac.id<BR>webdisk.bclc.untan.ac.id<BR>webmail.bclc.untan.ac.id<BR>www.bclc.untan.ac.id

bemfk.untan.ac.id<BR>mail.bemfk.untan.ac.id<BR>www.bemfk.untan.ac.id

bemfk.untan.ac.id<BR>cpanel.bemfk.untan.ac.id<BR>mail.bemfk.untan.ac.id<BR>webdisk.bemfk.untan.ac.id<BR>webmail.bemfk.untan.ac.id<BR>www.bemfk.untan.ac.id

bemfkip.untan.ac.id

bemfkip.untan.ac.id<BR>mail.bemfkip.untan.ac.id<BR>www.bemfkip.untan.ac.id

bemfkip.untan.ac.id<BR>cpanel.bemfkip.untan.ac.id<BR>mail.bemfkip.untan.ac.id<BR>webdisk.bemfkip.untan.ac.id<BR>webmail.bemfkip.untan.ac.id<BR>www.bemfkip.untan.ac.id

bemkbm.untan.ac.id<BR>mail.bemkbm.untan.ac.id<BR>www.bemkbm.untan.ac.id

bemkbm.untan.ac.id<BR>cpanel.bemkbm.untan.ac.id<BR>mail.bemkbm.untan.ac.id<BR>webdisk.bemkbm.untan.ac.id<BR>webmail.bemkbm.untan.ac.id<BR>www.bemkbm.untan.ac.id

bioedu.untan.ac.id<BR>cpanel.bioedu.untan.ac.id<BR>mail.bioedu.untan.ac.id<BR>webdisk.bioedu.untan.ac.id<BR>webmail.bioedu.untan.ac.id<BR>www.bioedu.untan.ac.id

biology.untan.ac.id

biology.untan.ac.id<BR>mail.biology.untan.ac.id<BR>www.biology.untan.ac.id

biology.untan.ac.id<BR>cpanel.biology.untan.ac.id<BR>mail.biology.untan.ac.id<BR>webdisk.biology.untan.ac.id<BR>webmail.biology.untan.ac.id<BR>www.biology.untan.ac.id

bkd.untan.ac.id

bkd.untan.ac.id<BR>mail.bkd.untan.ac.id<BR>www.bkd.untan.ac.id

bkd.untan.ac.id<BR>cpanel.bkd.untan.ac.id<BR>mail.bkd.untan.ac.id<BR>webdisk.bkd.untan.ac.id<BR>webmail.bkd.untan.ac.id<BR>www.bkd.untan.ac.id

bkfkip.untan.ac.id<BR>mail.bkfkip.untan.ac.id<BR>www.bkfkip.untan.ac.id

bkfkip.untan.ac.id<BR>cpanel.bkfkip.untan.ac.id<BR>mail.bkfkip.untan.ac.id<BR>webdisk.bkfkip.untan.ac.id<BR>webmail.bkfkip.untan.ac.id<BR>www.bkfkip.untan.ac.id

bkmi.untan.ac.id

bkmi.untan.ac.id<BR>cpanel.bkmi.untan.ac.id<BR>mail.bkmi.untan.ac.id<BR>webdisk.bkmi.untan.ac.id<BR>webmail.bkmi.untan.ac.id<BR>www.bkmi.untan.ac.id

bmd.untan.ac.id<BR>cpanel.bmd.untan.ac.id<BR>mail.bmd.untan.ac.id<BR>webdisk.bmd.untan.ac.id<BR>webmail.bmd.untan.ac.id<BR>www.bmd.untan.ac.id

bml.untan.ac.id

bml.untan.ac.id<BR>cpanel.bml.untan.ac.id<BR>mail.bml.untan.ac.id<BR>webdisk.bml.untan.ac.id<BR>webmail.bml.untan.ac.id<BR>www.bml.untan.ac.id

btp.untan.ac.id

btp.untan.ac.id<BR>cpanel.btp.untan.ac.id<BR>mail.btp.untan.ac.id<BR>webdisk.btp.untan.ac.id<BR>webmail.btp.untan.ac.id<BR>www.btp.untan.ac.id

cammane.untan.ac.id

cammane.untan.ac.id<BR>mail.cammane.untan.ac.id<BR>www.cammane.untan.ac.id

ce.untan.ac.id<BR>cpanel.ce.untan.ac.id<BR>mail.ce.untan.ac.id<BR>webdisk.ce.untan.ac.id<BR>webmail.ce.untan.ac.id<BR>www.ce.untan.ac.id

che.untan.ac.id<BR>cpanel.che.untan.ac.id<BR>mail.che.untan.ac.id<BR>webdisk.che.untan.ac.id<BR>webmail.che.untan.ac.id<BR>www.che.untan.ac.id

chemedu.untan.ac.id<BR>cpanel.chemedu.untan.ac.id<BR>mail.chemedu.untan.ac.id<BR>webdisk.chemedu.untan.ac.id<BR>webmail.chemedu.untan.ac.id<BR>www.chemedu.untan.ac.id

chemistry.untan.ac.id

chemistry.untan.ac.id<BR>mail.chemistry.untan.ac.id<BR>www.chemistry.untan.ac.id

chemistry.untan.ac.id<BR>cpanel.chemistry.untan.ac.id<BR>mail.chemistry.untan.ac.id<BR>webdisk.chemistry.untan.ac.id<BR>webmail.chemistry.untan.ac.id<BR>www.chemistry.untan.ac.id

cintaquran.untan.ac.id

cintaquran.untan.ac.id<BR>cpanel.cintaquran.untan.ac.id<BR>mail.cintaquran.untan.ac.id<BR>webdisk.cintaquran.untan.ac.id<BR>webmail.cintaquran.untan.ac.id<BR>www.cintaquran.untan.ac.id

civil.untan.ac.id

civil.untan.ac.id<BR>mail.civil.untan.ac.id<BR>www.civil.untan.ac.id

civil.untan.ac.id<BR>cpanel.civil.untan.ac.id<BR>mail.civil.untan.ac.id<BR>webdisk.civil.untan.ac.id<BR>webmail.civil.untan.ac.id<BR>www.civil.untan.ac.id

cnedu.untan.ac.id<BR>cpanel.cnedu.untan.ac.id<BR>mail.cnedu.untan.ac.id<BR>webdisk.cnedu.untan.ac.id<BR>webmail.cnedu.untan.ac.id<BR>www.cnedu.untan.ac.id

comdev-outreaching.untan.ac.id

comdev-outreaching.untan.ac.id<BR>mail.comdev-outreaching.untan.ac.id<BR>www.comdev-outreaching.untan.ac.id

comdev-outreaching.untan.ac.id<BR>cpanel.comdev-outreaching.untan.ac.id<BR>mail.comdev-outreaching.untan.ac.id<BR>webdisk.comdev-outreaching.untan.ac.id<BR>webmail.comdev-outreaching.untan.ac.id<BR>www.comdev-outreaching.untan.ac.id

comm.untan.ac.id<BR>cpanel.comm.untan.ac.id<BR>mail.comm.untan.ac.id<BR>webdisk.comm.untan.ac.id<BR>webmail.comm.untan.ac.id<BR>www.comm.untan.ac.id

commdev.untan.ac.id<BR>cpanel.commdev.untan.ac.id<BR>mail.commdev.untan.ac.id<BR>webdisk.commdev.untan.ac.id<BR>webmail.commdev.untan.ac.id<BR>www.commdev.untan.ac.id

comp.untan.ac.id<BR>cpanel.comp.untan.ac.id<BR>mail.comp.untan.ac.id<BR>webdisk.comp.untan.ac.id<BR>webmail.comp.untan.ac.id<BR>www.comp.untan.ac.id

counseling.untan.ac.id

counseling.untan.ac.id<BR>cpanel.counseling.untan.ac.id<BR>mail.counseling.untan.ac.id<BR>webdisk.counseling.untan.ac.id<BR>webmail.counseling.untan.ac.id<BR>www.counseling.untan.ac.id

cpanel.untan.ac.id<BR>www.cpanel.untan.ac.id

dashboard.untan.ac.id<BR>mail.dashboard.untan.ac.id<BR>www.dashboard.untan.ac.id

cpanel.dashboard.untan.ac.id<BR>dashboard.untan.ac.id<BR>mail.dashboard.untan.ac.id<BR>webdisk.dashboard.untan.ac.id<BR>webmail.dashboard.untan.ac.id<BR>www.dashboard.untan.ac.id

data.untan.ac.id

dashboard.data.untan.ac.id<BR>www.dashboard.data.untan.ac.id

cpanel.data.untan.ac.id<BR>data.untan.ac.id<BR>mail.data.untan.ac.id<BR>webdisk.data.untan.ac.id<BR>webmail.data.untan.ac.id<BR>www.data.untan.ac.id

v2.data.untan.ac.id<BR>www.v2.data.untan.ac.id

dendar.untan.ac.id

dendar.untan.ac.id<BR>mail.dendar.untan.ac.id<BR>www.dendar.untan.ac.id

cpanel.dendar.untan.ac.id<BR>dendar.untan.ac.id<BR>mail.dendar.untan.ac.id<BR>webdisk.dendar.untan.ac.id<BR>webmail.dendar.untan.ac.id<BR>www.dendar.untan.ac.id

e-learning.untan.ac.id

mail.seleksi.e-learning.untan.ac.id<BR>seleksi.e-learning.untan.ac.id<BR>www.seleksi.e-learning.untan.ac.id

e-office.untan.ac.id

e-office.untan.ac.id<BR>mail.e-office.untan.ac.id<BR>www.e-office.untan.ac.id

earlyedu.untan.ac.id

cpanel.earlyedu.untan.ac.id<BR>earlyedu.untan.ac.id<BR>mail.earlyedu.untan.ac.id<BR>webdisk.earlyedu.untan.ac.id<BR>webmail.earlyedu.untan.ac.id<BR>www.earlyedu.untan.ac.id

ecoedu.untan.ac.id

cpanel.ecoedu.untan.ac.id<BR>ecoedu.untan.ac.id<BR>mail.ecoedu.untan.ac.id<BR>webdisk.ecoedu.untan.ac.id<BR>webmail.ecoedu.untan.ac.id<BR>www.ecoedu.untan.ac.id

cpanel.economics.untan.ac.id<BR>economics.untan.ac.id<BR>mail.economics.untan.ac.id<BR>webdisk.economics.untan.ac.id<BR>webmail.economics.untan.ac.id<BR>www.economics.untan.ac.id

edu.untan.ac.id

chem.edu.untan.ac.id

cpanel.chem.edu.untan.ac.id<BR>webdisk.chem.edu.untan.ac.id<BR>webmail.chem.edu.untan.ac.id

chem.edu.untan.ac.id<BR>www.chem.edu.untan.ac.id

simlab.chem.edu.untan.ac.id<BR>www.simlab.chem.edu.untan.ac.id

cpanel.edu.untan.ac.id<BR>edu.untan.ac.id<BR>mail.edu.untan.ac.id<BR>webdisk.edu.untan.ac.id<BR>webmail.edu.untan.ac.id<BR>www.edu.untan.ac.id

eduadm.untan.ac.id

cpanel.eduadm.untan.ac.id<BR>eduadm.untan.ac.id<BR>mail.eduadm.untan.ac.id<BR>webdisk.eduadm.untan.ac.id<BR>webmail.eduadm.untan.ac.id<BR>www.eduadm.untan.ac.id

edutech.untan.ac.id

cpanel.edutech.untan.ac.id<BR>edutech.untan.ac.id<BR>mail.edutech.untan.ac.id<BR>webdisk.edutech.untan.ac.id<BR>webmail.edutech.untan.ac.id<BR>www.edutech.untan.ac.id

cpanel.ee.untan.ac.id<BR>ee.untan.ac.id<BR>mail.ee.untan.ac.id<BR>webdisk.ee.untan.ac.id<BR>webmail.ee.untan.ac.id<BR>www.ee.untan.ac.id

ekonomi.untan.ac.id<BR>mail.ekonomi.untan.ac.id<BR>www.ekonomi.untan.ac.id

cpanel.ekonomi.untan.ac.id<BR>ekonomi.untan.ac.id<BR>mail.ekonomi.untan.ac.id<BR>webdisk.ekonomi.untan.ac.id<BR>webmail.ekonomi.untan.ac.id<BR>www.ekonomi.untan.ac.id

englishedu.untan.ac.id

cpanel.englishedu.untan.ac.id<BR>englishedu.untan.ac.id<BR>mail.englishedu.untan.ac.id<BR>webdisk.englishedu.untan.ac.id<BR>webmail.englishedu.untan.ac.id<BR>www.englishedu.untan.ac.id

enviro.untan.ac.id

cpanel.enviro.untan.ac.id<BR>enviro.untan.ac.id<BR>mail.enviro.untan.ac.id<BR>webdisk.enviro.untan.ac.id<BR>webmail.enviro.untan.ac.id<BR>www.enviro.untan.ac.id

cpanel.esafkip.untan.ac.id<BR>esafkip.untan.ac.id<BR>mail.esafkip.untan.ac.id<BR>webdisk.esafkip.untan.ac.id<BR>webmail.esafkip.untan.ac.id<BR>www.esafkip.untan.ac.id

evaluasi.untan.ac.id

fahutan.untan.ac.id

www.fahutan.untan.ac.id

fahutan.untan.ac.id<BR>mail.fahutan.untan.ac.id<BR>www.fahutan.untan.ac.id

cpanel.fahutan.untan.ac.id<BR>fahutan.untan.ac.id<BR>mail.fahutan.untan.ac.id<BR>webdisk.fahutan.untan.ac.id<BR>webmail.fahutan.untan.ac.id<BR>www.fahutan.untan.ac.id

faperta.untan.ac.id

cpanel.faperta.untan.ac.id<BR>faperta.untan.ac.id<BR>mail.faperta.untan.ac.id<BR>webdisk.faperta.untan.ac.id<BR>webmail.faperta.untan.ac.id<BR>www.faperta.untan.ac.id

cpanel.farms.untan.ac.id<BR>farms.untan.ac.id<BR>mail.farms.untan.ac.id<BR>webdisk.farms.untan.ac.id<BR>webmail.farms.untan.ac.id<BR>www.farms.untan.ac.id

fe.untan.ac.id

www.fe.untan.ac.id

fe.untan.ac.id<BR>mail.fe.untan.ac.id<BR>www.fe.untan.ac.id

cpanel.fe.untan.ac.id<BR>fe.untan.ac.id<BR>mail.fe.untan.ac.id<BR>webdisk.fe.untan.ac.id<BR>webmail.fe.untan.ac.id<BR>www.fe.untan.ac.id

feb.untan.ac.id

www.feb.untan.ac.id

cpanel.feb.untan.ac.id<BR>feb.untan.ac.id<BR>mail.feb.untan.ac.id<BR>webdisk.feb.untan.ac.id<BR>webmail.feb.untan.ac.id<BR>www.feb.untan.ac.id

miicema.feb.untan.ac.id<BR>www.miicema.feb.untan.ac.id

fisip.untan.ac.id

d3.fisip.untan.ac.id<BR>www.d3.fisip.untan.ac.id

ian.fisip.untan.ac.id<BR>www.ian.fisip.untan.ac.id

fisip.untan.ac.id<BR>mail.fisip.untan.ac.id<BR>www.fisip.untan.ac.id

cpanel.fisip.untan.ac.id<BR>fisip.untan.ac.id<BR>mail.fisip.untan.ac.id<BR>webdisk.fisip.untan.ac.id<BR>webmail.fisip.untan.ac.id<BR>www.fisip.untan.ac.id

ikom.fisip.untan.ac.id

www.ikom.fisip.untan.ac.id

ikom.fisip.untan.ac.id<BR>mail.ikom.fisip.untan.ac.id<BR>www.ikom.fisip.untan.ac.id

cpanel.ikom.fisip.untan.ac.id<BR>ikom.fisip.untan.ac.id<BR>mail.ikom.fisip.untan.ac.id<BR>webdisk.ikom.fisip.untan.ac.id<BR>webmail.ikom.fisip.untan.ac.id<BR>www.ikom.fisip.untan.ac.id

international.fisip.untan.ac.id<BR>www.international.fisip.untan.ac.id

fkip.untan.ac.id

biodata.fkip.untan.ac.id

fkip.untan.ac.id<BR>myadmin.fkip.untan.ac.id

fkip.untan.ac.id<BR>myadmin.fkip.untan.ac.id<BR>sms.fkip.untan.ac.id

dhp.fkip.untan.ac.id<BR>fkip.untan.ac.id<BR>myadmin.fkip.untan.ac.id<BR>simanta.fkip.untan.ac.id<BR>simdos.fkip.untan.ac.id<BR>sms.fkip.untan.ac.id

cpanel.fkip.untan.ac.id<BR>webdisk.fkip.untan.ac.id<BR>webmail.fkip.untan.ac.id

fkip.untan.ac.id<BR>mail.fkip.untan.ac.id<BR>www.fkip.untan.ac.id

cpanel.fkip.untan.ac.id<BR>fkip.untan.ac.id<BR>mail.fkip.untan.ac.id<BR>webdisk.fkip.untan.ac.id<BR>webmail.fkip.untan.ac.id<BR>www.fkip.untan.ac.id

pkimia.fkip.untan.ac.id

mail.pkimia.fkip.untan.ac.id<BR>pkimia.fkip.untan.ac.id<BR>www.pkimia.fkip.untan.ac.id

cpanel.pkimia.fkip.untan.ac.id<BR>mail.pkimia.fkip.untan.ac.id<BR>pkimia.fkip.untan.ac.id<BR>webdisk.pkimia.fkip.untan.ac.id<BR>webmail.pkimia.fkip.untan.ac.id<BR>www.pkimia.fkip.untan.ac.id

mail.semipa.fkip.untan.ac.id<BR>semipa.fkip.untan.ac.id<BR>www.semipa.fkip.untan.ac.id

simanta.fkip.untan.ac.id

unitpembelajaran.fkip.untan.ac.id

www.bem.fmipa.untan.ac.id

bem.fmipa.untan.ac.id<BR>mail.bem.fmipa.untan.ac.id<BR>www.bem.fmipa.untan.ac.id

bem.fmipa.untan.ac.id<BR>cpanel.bem.fmipa.untan.ac.id<BR>mail.bem.fmipa.untan.ac.id<BR>webdisk.bem.fmipa.untan.ac.id<BR>webmail.bem.fmipa.untan.ac.id<BR>www.bem.fmipa.untan.ac.id

cpanel.biologi.fmipa.untan.ac.id<BR>webdisk.biologi.fmipa.untan.ac.id<BR>webmail.biologi.fmipa.untan.ac.id

cpanel.fmipa.untan.ac.id<BR>fmipa.untan.ac.id<BR>mail.fmipa.untan.ac.id<BR>webdisk.fmipa.untan.ac.id<BR>webmail.fmipa.untan.ac.id<BR>www.fmipa.untan.ac.id

mail.matematika.fmipa.untan.ac.id<BR>matematika.fmipa.untan.ac.id<BR>www.matematika.fmipa.untan.ac.id

s1math.fmipa.untan.ac.id

mail.s1math.fmipa.untan.ac.id<BR>s1math.fmipa.untan.ac.id<BR>www.s1math.fmipa.untan.ac.id

mail.s1stat.fmipa.untan.ac.id<BR>s1stat.fmipa.untan.ac.id<BR>www.s1stat.fmipa.untan.ac.id

forestry.untan.ac.id<BR>mail.forestry.untan.ac.id<BR>www.forestry.untan.ac.id

cpanel.forests.untan.ac.id<BR>forests.untan.ac.id<BR>mail.forests.untan.ac.id<BR>webdisk.forests.untan.ac.id<BR>webmail.forests.untan.ac.id<BR>www.forests.untan.ac.id

forpimpas2018.untan.ac.id

cpanel.forpimpas2018.untan.ac.id<BR>forpimpas2018.untan.ac.id<BR>mail.forpimpas2018.untan.ac.id<BR>webdisk.forpimpas2018.untan.ac.id<BR>webmail.forpimpas2018.untan.ac.id<BR>www.forpimpas2018.untan.ac.id

fortei2015.untan.ac.id

fortei2015.untan.ac.id<BR>mail.fortei2015.untan.ac.id<BR>www.fortei2015.untan.ac.id

cpanel.fortei2015.untan.ac.id<BR>fortei2015.untan.ac.id<BR>mail.fortei2015.untan.ac.id<BR>webdisk.fortei2015.untan.ac.id<BR>webmail.fortei2015.untan.ac.id<BR>www.fortei2015.untan.ac.id

cpanel.ee.ft.untan.ac.id<BR>ee.ft.untan.ac.id<BR>mail.ee.ft.untan.ac.id<BR>webdisk.ee.ft.untan.ac.id<BR>webmail.ee.ft.untan.ac.id<BR>www.ee.ft.untan.ac.id

ftp.untan.ac.id

cpanel.ftp.untan.ac.id<BR>ftp.untan.ac.id<BR>mail.ftp.untan.ac.id<BR>webdisk.ftp.untan.ac.id<BR>webmail.ftp.untan.ac.id<BR>www.ftp.untan.ac.id

gabus.untan.ac.id

geografi.untan.ac.id

geografi.untan.ac.id<BR>mail.geografi.untan.ac.id<BR>www.geografi.untan.ac.id

cpanel.geografi.untan.ac.id<BR>geografi.untan.ac.id<BR>mail.geografi.untan.ac.id<BR>webdisk.geografi.untan.ac.id<BR>webmail.geografi.untan.ac.id<BR>www.geografi.untan.ac.id

jurnal.geografi.untan.ac.id<BR>www.jurnal.geografi.untan.ac.id

geophysics.untan.ac.id

cpanel.geophysics.untan.ac.id<BR>geophysics.untan.ac.id<BR>mail.geophysics.untan.ac.id<BR>webdisk.geophysics.untan.ac.id<BR>webmail.geophysics.untan.ac.id<BR>www.geophysics.untan.ac.id

govern.untan.ac.id

cpanel.govern.untan.ac.id<BR>govern.untan.ac.id<BR>mail.govern.untan.ac.id<BR>webdisk.govern.untan.ac.id<BR>webmail.govern.untan.ac.id<BR>www.govern.untan.ac.id

helpdesk.untan.ac.id

cpanel.helpdesk.untan.ac.id<BR>webdisk.helpdesk.untan.ac.id<BR>webmail.helpdesk.untan.ac.id

himapgpaudfkip.untan.ac.id

cpanel.himapgpaudfkip.untan.ac.id<BR>himapgpaudfkip.untan.ac.id<BR>mail.himapgpaudfkip.untan.ac.id<BR>webdisk.himapgpaudfkip.untan.ac.id<BR>webmail.himapgpaudfkip.untan.ac.id<BR>www.himapgpaudfkip.untan.ac.id

himapgsd.untan.ac.id<BR>mail.himapgsd.untan.ac.id<BR>www.himapgsd.untan.ac.id

himapgsdfkip.untan.ac.id

cpanel.himapgsdfkip.untan.ac.id<BR>himapgsdfkip.untan.ac.id<BR>mail.himapgsdfkip.untan.ac.id<BR>webdisk.himapgsdfkip.untan.ac.id<BR>webmail.himapgsdfkip.untan.ac.id<BR>www.himapgsdfkip.untan.ac.id

himaster.untan.ac.id<BR>mail.himaster.untan.ac.id<BR>www.himaster.untan.ac.id

cpanel.himaster.untan.ac.id<BR>himaster.untan.ac.id<BR>mail.himaster.untan.ac.id<BR>webdisk.himaster.untan.ac.id<BR>webmail.himaster.untan.ac.id<BR>www.himaster.untan.ac.id

screen.himaster.untan.ac.id<BR>www.screen.himaster.untan.ac.id

himbasifkip.untan.ac.id

cpanel.himbasifkip.untan.ac.id<BR>himbasifkip.untan.ac.id<BR>mail.himbasifkip.untan.ac.id<BR>webdisk.himbasifkip.untan.ac.id<BR>webmail.himbasifkip.untan.ac.id<BR>www.himbasifkip.untan.ac.id

himbiofkip.untan.ac.id

cpanel.himbiofkip.untan.ac.id<BR>himbiofkip.untan.ac.id<BR>mail.himbiofkip.untan.ac.id<BR>webdisk.himbiofkip.untan.ac.id<BR>webmail.himbiofkip.untan.ac.id<BR>www.himbiofkip.untan.ac.id

himdikafkip.untan.ac.id

himdikafkip.untan.ac.id<BR>mail.himdikafkip.untan.ac.id<BR>www.himdikafkip.untan.ac.id

cpanel.himdikafkip.untan.ac.id<BR>himdikafkip.untan.ac.id<BR>mail.himdikafkip.untan.ac.id<BR>webdisk.himdikafkip.untan.ac.id<BR>webmail.himdikafkip.untan.ac.id<BR>www.himdikafkip.untan.ac.id

himmatfkip.untan.ac.id

himmatfkip.untan.ac.id<BR>mail.himmatfkip.untan.ac.id<BR>www.himmatfkip.untan.ac.id

cpanel.himmatfkip.untan.ac.id<BR>himmatfkip.untan.ac.id<BR>mail.himmatfkip.untan.ac.id<BR>webdisk.himmatfkip.untan.ac.id<BR>webmail.himmatfkip.untan.ac.id<BR>www.himmatfkip.untan.ac.id

himparkafkip.untan.ac.id

cpanel.himparkafkip.untan.ac.id<BR>himparkafkip.untan.ac.id<BR>mail.himparkafkip.untan.ac.id<BR>webdisk.himparkafkip.untan.ac.id<BR>webmail.himparkafkip.untan.ac.id<BR>www.himparkafkip.untan.ac.id

historyedu.untan.ac.id

cpanel.historyedu.untan.ac.id<BR>historyedu.untan.ac.id<BR>mail.historyedu.untan.ac.id<BR>webdisk.historyedu.untan.ac.id<BR>webmail.historyedu.untan.ac.id<BR>www.historyedu.untan.ac.id

hmbmfkip.untan.ac.id

cpanel.hmbmfkip.untan.ac.id<BR>hmbmfkip.untan.ac.id<BR>mail.hmbmfkip.untan.ac.id<BR>webdisk.hmbmfkip.untan.ac.id<BR>webmail.hmbmfkip.untan.ac.id<BR>www.hmbmfkip.untan.ac.id

hmpffkip.untan.ac.id

cpanel.hmpffkip.untan.ac.id<BR>hmpffkip.untan.ac.id<BR>mail.hmpffkip.untan.ac.id<BR>webdisk.hmpffkip.untan.ac.id<BR>webmail.hmpffkip.untan.ac.id<BR>www.hmpffkip.untan.ac.id

hmsifmipa.untan.ac.id

hmsifmipa.untan.ac.id<BR>mail.hmsifmipa.untan.ac.id<BR>www.hmsifmipa.untan.ac.id

cpanel.hmsifmipa.untan.ac.id<BR>hmsifmipa.untan.ac.id<BR>mail.hmsifmipa.untan.ac.id<BR>webdisk.hmsifmipa.untan.ac.id<BR>www.hmsifmipa.untan.ac.id

cpanel.hmsifmipa.untan.ac.id<BR>hmsifmipa.untan.ac.id<BR>mail.hmsifmipa.untan.ac.id<BR>webdisk.hmsifmipa.untan.ac.id<BR>webmail.hmsifmipa.untan.ac.id<BR>www.hmsifmipa.untan.ac.id

horti.untan.ac.id

cpanel.horti.untan.ac.id<BR>horti.untan.ac.id<BR>mail.horti.untan.ac.id<BR>webdisk.horti.untan.ac.id<BR>webmail.horti.untan.ac.id<BR>www.horti.untan.ac.id

htl.untan.ac.id

cpanel.htl.untan.ac.id<BR>webdisk.htl.untan.ac.id<BR>webmail.htl.untan.ac.id

htl.untan.ac.id<BR>mail.htl.untan.ac.id<BR>www.htl.untan.ac.id

cpanel.htl.untan.ac.id<BR>htl.untan.ac.id<BR>mail.htl.untan.ac.id<BR>webdisk.htl.untan.ac.id<BR>webmail.htl.untan.ac.id<BR>www.htl.untan.ac.id

hukum.untan.ac.id

www.hukum.untan.ac.id

hukum.untan.ac.id<BR>mail.hukum.untan.ac.id<BR>www.hukum.untan.ac.id

cpanel.hukum.untan.ac.id<BR>hukum.untan.ac.id<BR>mail.hukum.untan.ac.id<BR>webdisk.hukum.untan.ac.id<BR>webmail.hukum.untan.ac.id<BR>www.hukum.untan.ac.id

hukum1.untan.ac.id

cpanel.hukum1.untan.ac.id<BR>hukum1.untan.ac.id<BR>mail.hukum1.untan.ac.id<BR>webdisk.hukum1.untan.ac.id<BR>webmail.hukum1.untan.ac.id<BR>www.hukum1.untan.ac.id

hydrogen.untan.ac.id

hydrogen.untan.ac.id<BR>mail.hydrogen.untan.ac.id<BR>www.hydrogen.untan.ac.id

cpanel.hydrogen.untan.ac.id<BR>hydrogen.untan.ac.id<BR>mail.hydrogen.untan.ac.id<BR>webdisk.hydrogen.untan.ac.id<BR>webmail.hydrogen.untan.ac.id<BR>www.hydrogen.untan.ac.id

ibt.untan.ac.id

icb.untan.ac.id<BR>mail.icb.untan.ac.id<BR>www.icb.untan.ac.id

cpanel.icb.untan.ac.id<BR>icb.untan.ac.id<BR>mail.icb.untan.ac.id<BR>webdisk.icb.untan.ac.id<BR>webmail.icb.untan.ac.id<BR>www.icb.untan.ac.id

ice.untan.ac.id

ice.untan.ac.id<BR>mail.ice.untan.ac.id<BR>www.ice.untan.ac.id

cpanel.ice.untan.ac.id<BR>ice.untan.ac.id<BR>mail.ice.untan.ac.id<BR>webdisk.ice.untan.ac.id<BR>webmail.ice.untan.ac.id<BR>www.ice.untan.ac.id

iceb.untan.ac.id

cpanel.iceb.untan.ac.id<BR>iceb.untan.ac.id<BR>mail.iceb.untan.ac.id<BR>webdisk.iceb.untan.ac.id<BR>webmail.iceb.untan.ac.id<BR>www.iceb.untan.ac.id

icodse2019.untan.ac.id

jurmafis.untan.ac.id<BR>jurnas.untan.ac.id

idb7in1-elearning.untan.ac.id

ie.untan.ac.id

cpanel.ie.untan.ac.id<BR>ie.untan.ac.id<BR>mail.ie.untan.ac.id<BR>webdisk.ie.untan.ac.id<BR>webmail.ie.untan.ac.id<BR>www.ie.untan.ac.id

iec.untan.ac.id

cpanel.iec.untan.ac.id<BR>iec.untan.ac.id<BR>mail.iec.untan.ac.id<BR>webdisk.iec.untan.ac.id<BR>webmail.iec.untan.ac.id<BR>www.iec.untan.ac.id

iicma.untan.ac.id

cpanel.iicma2019.untan.ac.id<BR>iicma2019.untan.ac.id<BR>mail.iicma2019.untan.ac.id<BR>webdisk.iicma2019.untan.ac.id<BR>webmail.iicma2019.untan.ac.id<BR>www.iicma2019.untan.ac.id

ika.untan.ac.id

ika.untan.ac.id<BR>mail.ika.untan.ac.id<BR>www.ika.untan.ac.id

cpanel.ika.untan.ac.id<BR>ika.untan.ac.id<BR>mail.ika.untan.ac.id<BR>webdisk.ika.untan.ac.id<BR>webmail.ika.untan.ac.id<BR>www.ika.untan.ac.id

ilmuolahraga.untan.ac.id

cpanel.ilmuolahraga.untan.ac.id<BR>ilmuolahraga.untan.ac.id<BR>mail.ilmuolahraga.untan.ac.id<BR>webdisk.ilmuolahraga.untan.ac.id<BR>webmail.ilmuolahraga.untan.ac.id<BR>www.ilmuolahraga.untan.ac.id

indoedu.untan.ac.id

cpanel.indoedu.untan.ac.id<BR>indoedu.untan.ac.id<BR>mail.indoedu.untan.ac.id<BR>webdisk.indoedu.untan.ac.id<BR>webmail.indoedu.untan.ac.id<BR>www.indoedu.untan.ac.id

industri.untan.ac.id

cpanel.industri.untan.ac.id<BR>industri.untan.ac.id<BR>mail.industri.untan.ac.id<BR>webdisk.industri.untan.ac.id<BR>webmail.industri.untan.ac.id<BR>www.industri.untan.ac.id

informatics.untan.ac.id<BR>mail.informatics.untan.ac.id<BR>www.informatics.untan.ac.id

cpanel.informatics.untan.ac.id<BR>informatics.untan.ac.id<BR>mail.informatics.untan.ac.id<BR>webdisk.informatics.untan.ac.id<BR>webmail.informatics.untan.ac.id<BR>www.informatics.untan.ac.id

informatika.untan.ac.id

cpanel.informatika.untan.ac.id<BR>mail.informatika.untan.ac.id<BR>webdisk.informatika.untan.ac.id<BR>webmail.informatika.untan.ac.id

informatika.untan.ac.id<BR>mail.informatika.untan.ac.id<BR>www.informatika.untan.ac.id

mail.informatika.untan.ac.id

siakad.informatika.untan.ac.id<BR>www.siakad.informatika.untan.ac.id

internasional.untan.ac.id

cpanel.internasional.untan.ac.id<BR>internasional.untan.ac.id<BR>mail.internasional.untan.ac.id<BR>webdisk.internasional.untan.ac.id<BR>webmail.internasional.untan.ac.id<BR>www.internasional.untan.ac.id

international.untan.ac.id

international.untan.ac.id<BR>mail.international.untan.ac.id<BR>www.international.untan.ac.id

cpanel.international.untan.ac.id<BR>international.untan.ac.id<BR>mail.international.untan.ac.id<BR>webdisk.international.untan.ac.id<BR>webmail.international.untan.ac.id<BR>www.international.untan.ac.id

sipmalun.international.untan.ac.id

sipmalun.international.untan.ac.id<BR>www.sipmalun.international.untan.ac.id

test.international.untan.ac.id<BR>www.test.international.untan.ac.id

invent.untan.ac.id

cpanel.invent.untan.ac.id<BR>invent.untan.ac.id<BR>mail.invent.untan.ac.id<BR>webdisk.invent.untan.ac.id<BR>webmail.invent.untan.ac.id<BR>www.invent.untan.ac.id

ipfisip.untan.ac.id

cpanel.ipfisip.untan.ac.id<BR>ipfisip.untan.ac.id<BR>mail.ipfisip.untan.ac.id<BR>webdisk.ipfisip.untan.ac.id<BR>webmail.ipfisip.untan.ac.id<BR>www.ipfisip.untan.ac.id

cpanel.isant2018.untan.ac.id<BR>isant2018.untan.ac.id<BR>mail.isant2018.untan.ac.id<BR>webdisk.isant2018.untan.ac.id<BR>webmail.isant2018.untan.ac.id<BR>www.isant2018.untan.ac.id

jurmafis.untan.ac.id

jurnal.untan.ac.id

akreditasi.jurnal.untan.ac.id

akreditasi.jurnal.untan.ac.id<BR>cpanel.akreditasi.jurnal.untan.ac.id<BR>mail.akreditasi.jurnal.untan.ac.id<BR>webdisk.akreditasi.jurnal.untan.ac.id<BR>webmail.akreditasi.jurnal.untan.ac.id<BR>www.akreditasi.jurnal.untan.ac.id

jurnalfisika.untan.ac.id

cpanel.jurnalfisika.untan.ac.id<BR>jurnalfisika.untan.ac.id<BR>mail.jurnalfisika.untan.ac.id<BR>webdisk.jurnalfisika.untan.ac.id<BR>webmail.jurnalfisika.untan.ac.id<BR>www.jurnalfisika.untan.ac.id

kabar.untan.ac.id

kabar.untan.ac.id<BR>mail.kabar.untan.ac.id<BR>www.kabar.untan.ac.id

cpanel.kabar.untan.ac.id<BR>kabar.untan.ac.id<BR>mail.kabar.untan.ac.id<BR>webdisk.kabar.untan.ac.id<BR>webmail.kabar.untan.ac.id<BR>www.kabar.untan.ac.id

kakap.untan.ac.id

kakap.untan.ac.id<BR>www.kakap.untan.ac.id

kaloy.untan.ac.id<BR>www.kaloy.untan.ac.id

kbmb.untan.ac.id

kbmb.untan.ac.id<BR>mail.kbmb.untan.ac.id<BR>www.kbmb.untan.ac.id

cpanel.kbmb.untan.ac.id<BR>kbmb.untan.ac.id<BR>mail.kbmb.untan.ac.id<BR>webdisk.kbmb.untan.ac.id<BR>webmail.kbmb.untan.ac.id<BR>www.kbmb.untan.ac.id

kedaiperancis.untan.ac.id

kedaiperancis.untan.ac.id<BR>mail.kedaiperancis.untan.ac.id<BR>www.kedaiperancis.untan.ac.id

cpanel.kedaiperancis.untan.ac.id<BR>kedaiperancis.untan.ac.id<BR>mail.kedaiperancis.untan.ac.id<BR>webdisk.kedaiperancis.untan.ac.id<BR>webmail.kedaiperancis.untan.ac.id<BR>www.kedaiperancis.untan.ac.id

kedokteran.untan.ac.id

www.kedokteran.untan.ac.id

akreditasi-renstra.kedokteran.untan.ac.id<BR>www.akreditasi-renstra.kedokteran.untan.ac.id

alumni.kedokteran.untan.ac.id

alumni.kedokteran.untan.ac.id<BR>www.alumni.kedokteran.untan.ac.id

alumniapt.kedokteran.untan.ac.id<BR>www.alumniapt.kedokteran.untan.ac.id

kedokteran.untan.ac.id<BR>mail.kedokteran.untan.ac.id<BR>www.kedokteran.untan.ac.id

cpanel.kedokteran.untan.ac.id<BR>kedokteran.untan.ac.id<BR>mail.kedokteran.untan.ac.id<BR>webdisk.kedokteran.untan.ac.id<BR>webmail.kedokteran.untan.ac.id<BR>www.kedokteran.untan.ac.id

test.kedokteran.untan.ac.id<BR>www.test.kedokteran.untan.ac.id

kemahasiswaan.untan.ac.id

kemahasiswaan.untan.ac.id<BR>mail.kemahasiswaan.untan.ac.id<BR>www.kemahasiswaan.untan.ac.id

cpanel.kemahasiswaan.untan.ac.id<BR>kemahasiswaan.untan.ac.id<BR>mail.kemahasiswaan.untan.ac.id<BR>webdisk.kemahasiswaan.untan.ac.id<BR>webmail.kemahasiswaan.untan.ac.id<BR>www.kemahasiswaan.untan.ac.id

kepegawaian.untan.ac.id

kerapu.untan.ac.id

kerjasama.untan.ac.id

keuangan.untan.ac.id

insentif.keuangan.untan.ac.id

insentif.keuangan.untan.ac.id<BR>mail.insentif.keuangan.untan.ac.id<BR>www.insentif.keuangan.untan.ac.id

cpanel.insentif.keuangan.untan.ac.id<BR>insentif.keuangan.untan.ac.id<BR>webdisk.insentif.keuangan.untan.ac.id<BR>webmail.insentif.keuangan.untan.ac.id<BR>www.insentif.keuangan.untan.ac.id

cpanel.insentif.keuangan.untan.ac.id<BR>insentif.keuangan.untan.ac.id<BR>mail.insentif.keuangan.untan.ac.id<BR>webdisk.insentif.keuangan.untan.ac.id<BR>webmail.insentif.keuangan.untan.ac.id<BR>www.insentif.keuangan.untan.ac.id

kerjasama.keuangan.untan.ac.id

piutang.keuangan.untan.ac.id

ukt.keuangan.untan.ac.id

cpanel.kkn.untan.ac.id<BR>kkn.untan.ac.id<BR>mail.kkn.untan.ac.id<BR>webdisk.kkn.untan.ac.id<BR>webmail.kkn.untan.ac.id<BR>www.kkn.untan.ac.id

kknkebangsaan.untan.ac.id

kepegawaian.untan.ac.id<BR>kknkebangsaan.untan.ac.id<BR>mail.kknkebangsaan.untan.ac.id<BR>www.kknkebangsaan.untan.ac.id

kknkebangsaan.untan.ac.id<BR>mail.kknkebangsaan.untan.ac.id<BR>www.kknkebangsaan.untan.ac.id

cpanel.kknkebangsaan.untan.ac.id<BR>kknkebangsaan.untan.ac.id<BR>mail.kknkebangsaan.untan.ac.id<BR>webdisk.kknkebangsaan.untan.ac.id<BR>webmail.kknkebangsaan.untan.ac.id<BR>www.kknkebangsaan.untan.ac.id

kkntematik.untan.ac.id

cpanel.kkntematik.untan.ac.id<BR>kkntematik.untan.ac.id<BR>mail.kkntematik.untan.ac.id<BR>webdisk.kkntematik.untan.ac.id<BR>webmail.kkntematik.untan.ac.id<BR>www.kkntematik.untan.ac.id

klinikpratama.untan.ac.id

cpanel.klinikpratama.untan.ac.id<BR>klinikpratama.untan.ac.id<BR>mail.klinikpratama.untan.ac.id<BR>webdisk.klinikpratama.untan.ac.id<BR>webmail.klinikpratama.untan.ac.id<BR>www.klinikpratama.untan.ac.id

kobi-icon2019.untan.ac.id

cpanel.labfisikafmipa.untan.ac.id<BR>labfisikafmipa.untan.ac.id<BR>mail.labfisikafmipa.untan.ac.id<BR>webdisk.labfisikafmipa.untan.ac.id<BR>webmail.labfisikafmipa.untan.ac.id<BR>www.labfisikafmipa.untan.ac.id

laporan-pmb.untan.ac.id

cpanel.laporan-pmb.untan.ac.id<BR>laporan-pmb.untan.ac.id<BR>mail.laporan-pmb.untan.ac.id<BR>webdisk.laporan-pmb.untan.ac.id<BR>webmail.laporan-pmb.untan.ac.id<BR>www.laporan-pmb.untan.ac.id

law.untan.ac.id

cpanel.law.untan.ac.id<BR>law.untan.ac.id<BR>mail.law.untan.ac.id<BR>webdisk.law.untan.ac.id<BR>webmail.law.untan.ac.id<BR>www.law.untan.ac.id

ldsiattarbawi.untan.ac.id

ldsiattarbawi.untan.ac.id<BR>mail.ldsiattarbawi.untan.ac.id<BR>www.ldsiattarbawi.untan.ac.id

cpanel.ldsiattarbawi.untan.ac.id<BR>ldsiattarbawi.untan.ac.id<BR>mail.ldsiattarbawi.untan.ac.id<BR>webdisk.ldsiattarbawi.untan.ac.id<BR>webmail.ldsiattarbawi.untan.ac.id<BR>www.ldsiattarbawi.untan.ac.id

lemlit.untan.ac.id

lemlit.untan.ac.id<BR>mail.lemlit.untan.ac.id<BR>www.lemlit.untan.ac.id

cpanel.lemlit.untan.ac.id<BR>lemlit.untan.ac.id<BR>mail.lemlit.untan.ac.id<BR>webdisk.lemlit.untan.ac.id<BR>webmail.lemlit.untan.ac.id<BR>www.lemlit.untan.ac.id

librarydip.untan.ac.id

librarydip.untan.ac.id<BR>mail.librarydip.untan.ac.id<BR>www.librarydip.untan.ac.id

cpanel.librarydip.untan.ac.id<BR>librarydip.untan.ac.id<BR>mail.librarydip.untan.ac.id<BR>webdisk.librarydip.untan.ac.id<BR>webmail.librarydip.untan.ac.id<BR>www.librarydip.untan.ac.id

lp3m.untan.ac.id

lp3m.untan.ac.id<BR>mail.lp3m.untan.ac.id<BR>www.lp3m.untan.ac.id

cpanel.lp3m.untan.ac.id<BR>lp3m.untan.ac.id<BR>mail.lp3m.untan.ac.id<BR>webdisk.lp3m.untan.ac.id<BR>webmail.lp3m.untan.ac.id<BR>www.lp3m.untan.ac.id

lpkm.untan.ac.id

lpkm.untan.ac.id<BR>mail.lpkm.untan.ac.id<BR>www.lpkm.untan.ac.id

cpanel.lpkm.untan.ac.id<BR>lpkm.untan.ac.id<BR>mail.lpkm.untan.ac.id<BR>webdisk.lpkm.untan.ac.id<BR>webmail.lpkm.untan.ac.id<BR>www.lpkm.untan.ac.id

lppkm.untan.ac.id

lppkm.untan.ac.id<BR>mail.lppkm.untan.ac.id<BR>www.lppkm.untan.ac.id

cpanel.lppkm.untan.ac.id<BR>lppkm.untan.ac.id<BR>mail.lppkm.untan.ac.id<BR>webdisk.lppkm.untan.ac.id<BR>webmail.lppkm.untan.ac.id<BR>www.lppkm.untan.ac.id

lpse.untan.ac.id

ma.untan.ac.id

cpanel.ma.untan.ac.id<BR>mail.ma.untan.ac.id<BR>ma.untan.ac.id<BR>webdisk.ma.untan.ac.id<BR>webmail.ma.untan.ac.id<BR>www.ma.untan.ac.id

magisterelektro.untan.ac.id

cpanel.magisterelektro.untan.ac.id<BR>magisterelektro.untan.ac.id<BR>mail.magisterelektro.untan.ac.id<BR>webdisk.magisterelektro.untan.ac.id<BR>webmail.magisterelektro.untan.ac.id<BR>www.magisterelektro.untan.ac.id

magistersipil.untan.ac.id

cpanel.magistersipil.untan.ac.id<BR>magistersipil.untan.ac.id<BR>mail.magistersipil.untan.ac.id<BR>webdisk.magistersipil.untan.ac.id<BR>webmail.magistersipil.untan.ac.id<BR>www.magistersipil.untan.ac.id

management.untan.ac.id

cpanel.management.untan.ac.id<BR>mail.management.untan.ac.id<BR>management.untan.ac.id<BR>webdisk.management.untan.ac.id<BR>webmail.management.untan.ac.id<BR>www.management.untan.ac.id

marine.untan.ac.id

cpanel.marine.untan.ac.id<BR>mail.marine.untan.ac.id<BR>marine.untan.ac.id<BR>webdisk.marine.untan.ac.id<BR>webmail.marine.untan.ac.id<BR>www.marine.untan.ac.id

marines.untan.ac.id

cpanel.marines.untan.ac.id<BR>mail.marines.untan.ac.id<BR>marines.untan.ac.id<BR>webdisk.marines.untan.ac.id<BR>webmail.marines.untan.ac.id<BR>www.marines.untan.ac.id

marinescience.untan.ac.id

cpanel.marinescience.untan.ac.id<BR>mail.marinescience.untan.ac.id<BR>marinescience.untan.ac.id<BR>webdisk.marinescience.untan.ac.id<BR>webmail.marinescience.untan.ac.id<BR>www.marinescience.untan.ac.id

masprog-ele.untan.ac.id

cpanel.masprog-ele.untan.ac.id<BR>mail.masprog-ele.untan.ac.id<BR>masprog-ele.untan.ac.id<BR>webdisk.masprog-ele.untan.ac.id<BR>webmail.masprog-ele.untan.ac.id<BR>www.masprog-ele.untan.ac.id

cpanel.math.untan.ac.id<BR>mail.math.untan.ac.id<BR>math.untan.ac.id<BR>webdisk.math.untan.ac.id<BR>webmail.math.untan.ac.id<BR>www.math.untan.ac.id

mathedu.untan.ac.id

cpanel.mathedu.untan.ac.id<BR>mail.mathedu.untan.ac.id<BR>mathedu.untan.ac.id<BR>webdisk.mathedu.untan.ac.id<BR>webmail.mathedu.untan.ac.id<BR>www.mathedu.untan.ac.id

me.untan.ac.id

cpanel.me.untan.ac.id<BR>mail.me.untan.ac.id<BR>me.untan.ac.id<BR>webdisk.me.untan.ac.id<BR>webmail.me.untan.ac.id<BR>www.me.untan.ac.id

mail.medical.untan.ac.id<BR>medical.untan.ac.id<BR>www.medical.untan.ac.id

medicine.untan.ac.id

cpanel.medicine.untan.ac.id<BR>mail.medicine.untan.ac.id<BR>medicine.untan.ac.id<BR>webdisk.medicine.untan.ac.id<BR>webmail.medicine.untan.ac.id<BR>www.medicine.untan.ac.id

mikrotikacademy.untan.ac.id

mail.mikrotikacademy.untan.ac.id<BR>mikrotikacademy.untan.ac.id<BR>www.mikrotikacademy.untan.ac.id

cpanel.mikrotikacademy.untan.ac.id<BR>mail.mikrotikacademy.untan.ac.id<BR>mikrotikacademy.untan.ac.id<BR>webdisk.mikrotikacademy.untan.ac.id<BR>webmail.mikrotikacademy.untan.ac.id<BR>www.mikrotikacademy.untan.ac.id

mil.untan.ac.id

cpanel.mil.untan.ac.id<BR>mail.mil.untan.ac.id<BR>mil.untan.ac.id<BR>webdisk.mil.untan.ac.id<BR>webmail.mil.untan.ac.id<BR>www.mil.untan.ac.id

mining.untan.ac.id

cpanel.mining.untan.ac.id<BR>mail.mining.untan.ac.id<BR>mining.untan.ac.id<BR>webdisk.mining.untan.ac.id<BR>webmail.mining.untan.ac.id<BR>www.mining.untan.ac.id

mipa.untan.ac.id

arsip.mipa.untan.ac.id<BR>www.arsip.mipa.untan.ac.id

baru.mipa.untan.ac.id<BR>www.baru.mipa.untan.ac.id

bem.mipa.untan.ac.id<BR>www.bem.mipa.untan.ac.id

dadankusnandar.mipa.untan.ac.id<BR>mail.dadankusnandar.mipa.untan.ac.id<BR>www.dadankusnandar.mipa.untan.ac.id

cpanel.dadankusnandar.mipa.untan.ac.id<BR>dadankusnandar.mipa.untan.ac.id<BR>mail.dadankusnandar.mipa.untan.ac.id<BR>webdisk.dadankusnandar.mipa.untan.ac.id<BR>webmail.dadankusnandar.mipa.untan.ac.id<BR>www.dadankusnandar.mipa.untan.ac.id

mail.mipa.untan.ac.id<BR>mipa.untan.ac.id<BR>www.mipa.untan.ac.id

cpanel.mipa.untan.ac.id<BR>mail.mipa.untan.ac.id<BR>mipa.untan.ac.id<BR>webdisk.mipa.untan.ac.id<BR>webmail.mipa.untan.ac.id<BR>www.mipa.untan.ac.id

mail.semirata2015.mipa.untan.ac.id<BR>semirata2015.mipa.untan.ac.id<BR>www.semirata2015.mipa.untan.ac.id

web.mipa.untan.ac.id<BR>www.web.mipa.untan.ac.id

cpanel.mma.untan.ac.id<BR>mail.mma.untan.ac.id<BR>mma.untan.ac.id<BR>webdisk.mma.untan.ac.id<BR>webmail.mma.untan.ac.id<BR>www.mma.untan.ac.id

mail.muswil2xiii.untan.ac.id<BR>muswil2xiii.untan.ac.id<BR>www.muswil2xiii.untan.ac.id

neela.untan.ac.id

neela.untan.ac.id<BR>www.neela.untan.ac.id

cpanel.ners.untan.ac.id<BR>mail.ners.untan.ac.id<BR>ners.untan.ac.id<BR>webdisk.ners.untan.ac.id<BR>webmail.ners.untan.ac.id<BR>www.ners.untan.ac.id

nudc.untan.ac.id

mail.nudc.untan.ac.id<BR>nudc.untan.ac.id<BR>www.nudc.untan.ac.id

nurse.untan.ac.id

cpanel.nurse.untan.ac.id<BR>mail.nurse.untan.ac.id<BR>nurse.untan.ac.id<BR>webdisk.nurse.untan.ac.id<BR>webmail.nurse.untan.ac.id<BR>www.nurse.untan.ac.id

nustor.untan.ac.id

ocs.untan.ac.id

onmipa.untan.ac.id

mail.onmipa.untan.ac.id<BR>onmipa.untan.ac.id<BR>www.onmipa.untan.ac.id

cpanel.onmipa.untan.ac.id<BR>mail.onmipa.untan.ac.id<BR>onmipa.untan.ac.id<BR>webdisk.onmipa.untan.ac.id<BR>webmail.onmipa.untan.ac.id<BR>www.onmipa.untan.ac.id

latihan.onmipa.untan.ac.id<BR>www.latihan.onmipa.untan.ac.id

mail.opac.untan.ac.id<BR>opac.untan.ac.id<BR>www.opac.untan.ac.id

cpanel.opac.untan.ac.id<BR>mail.opac.untan.ac.id<BR>opac.untan.ac.id<BR>webdisk.opac.untan.ac.id<BR>webmail.opac.untan.ac.id<BR>www.opac.untan.ac.id

ortu.untan.ac.id

cpanel.p3ai.untan.ac.id<BR>mail.p3ai.untan.ac.id<BR>p3ai.untan.ac.id<BR>webdisk.p3ai.untan.ac.id<BR>webmail.p3ai.untan.ac.id<BR>www.p3ai.untan.ac.id

pasarkite.untan.ac.id

mail.pasarkite.untan.ac.id<BR>pasarkite.untan.ac.id<BR>www.pasarkite.untan.ac.id

cpanel.pasarkite.untan.ac.id<BR>mail.pasarkite.untan.ac.id<BR>pasarkite.untan.ac.id<BR>webdisk.pasarkite.untan.ac.id<BR>webmail.pasarkite.untan.ac.id<BR>www.pasarkite.untan.ac.id

pascasarjana.untan.ac.id

mail.pascasarjana.untan.ac.id<BR>pascasarjana.untan.ac.id<BR>www.pascasarjana.untan.ac.id

cpanel.pascasarjana.untan.ac.id<BR>mail.pascasarjana.untan.ac.id<BR>pascasarjana.untan.ac.id<BR>webdisk.pascasarjana.untan.ac.id<BR>webmail.pascasarjana.untan.ac.id<BR>www.pascasarjana.untan.ac.id

pascasarjanafe.untan.ac.id

mail.pascasarjanafe.untan.ac.id<BR>pascasarjanafe.untan.ac.id<BR>www.pascasarjanafe.untan.ac.id

cpanel.pascasarjanafe.untan.ac.id<BR>mail.pascasarjanafe.untan.ac.id<BR>pascasarjanafe.untan.ac.id<BR>webdisk.pascasarjanafe.untan.ac.id<BR>webmail.pascasarjanafe.untan.ac.id<BR>www.pascasarjanafe.untan.ac.id

pascasarjanafisip.untan.ac.id

mail.pascasarjanafisip.untan.ac.id<BR>pascasarjanafisip.untan.ac.id<BR>www.pascasarjanafisip.untan.ac.id

cpanel.pascasarjanafisip.untan.ac.id<BR>mail.pascasarjanafisip.untan.ac.id<BR>pascasarjanafisip.untan.ac.id<BR>webdisk.pascasarjanafisip.untan.ac.id<BR>webmail.pascasarjanafisip.untan.ac.id<BR>www.pascasarjanafisip.untan.ac.id

mail.pascasarjanafkip.untan.ac.id<BR>pascasarjanafkip.untan.ac.id<BR>www.pascasarjanafkip.untan.ac.id

mail.pascasarjanahukum.untan.ac.id<BR>pascasarjanahukum.untan.ac.id<BR>www.pascasarjanahukum.untan.ac.id

mail.pascasarjanakehutanan.untan.ac.id<BR>pascasarjanakehutanan.untan.ac.id<BR>www.pascasarjanakehutanan.untan.ac.id

mail.pascasarjanapertanian.untan.ac.id<BR>pascasarjanapertanian.untan.ac.id<BR>www.pascasarjanapertanian.untan.ac.id

mail.pascasarjanateknik.untan.ac.id<BR>pascasarjanateknik.untan.ac.id<BR>www.pascasarjanateknik.untan.ac.id

pddikti.untan.ac.id

pdpt.untan.ac.id

mail.pdpt.untan.ac.id<BR>pdpt.untan.ac.id<BR>www.pdpt.untan.ac.id

cpanel.pdpt.untan.ac.id<BR>mail.pdpt.untan.ac.id<BR>pdpt.untan.ac.id<BR>webdisk.pdpt.untan.ac.id<BR>webmail.pdpt.untan.ac.id<BR>www.pdpt.untan.ac.id

pearson.untan.ac.id

cpanel.pearson.untan.ac.id<BR>mail.pearson.untan.ac.id<BR>pearson.untan.ac.id<BR>webdisk.pearson.untan.ac.id<BR>webmail.pearson.untan.ac.id<BR>www.pearson.untan.ac.id

ian.pemsos.untan.ac.id<BR>www.ian.pemsos.untan.ac.id

mail.pemsos.untan.ac.id<BR>pemsos.untan.ac.id<BR>www.pemsos.untan.ac.id

cpanel.pemsos.untan.ac.id<BR>mail.pemsos.untan.ac.id<BR>pemsos.untan.ac.id<BR>webdisk.pemsos.untan.ac.id<BR>webmail.pemsos.untan.ac.id<BR>www.pemsos.untan.ac.id

cpanel.pendidikanfisika.untan.ac.id<BR>mail.pendidikanfisika.untan.ac.id<BR>pendidikanfisika.untan.ac.id<BR>webdisk.pendidikanfisika.untan.ac.id<BR>webmail.pendidikanfisika.untan.ac.id<BR>www.pendidikanfisika.untan.ac.id

pendikar.untan.ac.id<BR>www.pendikar.untan.ac.id

cpanel.pendikar.untan.ac.id<BR>mail.pendikar.untan.ac.id<BR>pendikar.untan.ac.id<BR>webmail.pendikar.untan.ac.id<BR>www.pendikar.untan.ac.id

cpanel.pendikar.untan.ac.id<BR>mail.pendikar.untan.ac.id<BR>pendikar.untan.ac.id<BR>webdisk.pendikar.untan.ac.id<BR>webmail.pendikar.untan.ac.id<BR>www.pendikar.untan.ac.id

mail.pendikarmuslim.untan.ac.id<BR>pendikarmuslim.untan.ac.id<BR>www.pendikarmuslim.untan.ac.id

cpanel.pendikarmuslim.untan.ac.id<BR>mail.pendikarmuslim.untan.ac.id<BR>pendikarmuslim.untan.ac.id<BR>webdisk.pendikarmuslim.untan.ac.id<BR>webmail.pendikarmuslim.untan.ac.id<BR>www.pendikarmuslim.untan.ac.id

perpustakaan.untan.ac.id

mail.perpustakaan.untan.ac.id<BR>perpustakaan.untan.ac.id<BR>www.perpustakaan.untan.ac.id

cpanel.perpustakaan.untan.ac.id<BR>mail.perpustakaan.untan.ac.id<BR>perpustakaan.untan.ac.id<BR>webdisk.perpustakaan.untan.ac.id<BR>webmail.perpustakaan.untan.ac.id<BR>www.perpustakaan.untan.ac.id

repodig.perpustakaan.untan.ac.id<BR>www.repodig.perpustakaan.untan.ac.id

pertambangan.untan.ac.id

cpanel.pertambangan.untan.ac.id<BR>mail.pertambangan.untan.ac.id<BR>pertambangan.untan.ac.id<BR>webdisk.pertambangan.untan.ac.id<BR>webmail.pertambangan.untan.ac.id<BR>www.pertambangan.untan.ac.id

pertanian.untan.ac.id

www.pertanian.untan.ac.id

mail.pertanian.untan.ac.id<BR>pertanian.untan.ac.id<BR>www.pertanian.untan.ac.id

cpanel.pertanian.untan.ac.id<BR>mail.pertanian.untan.ac.id<BR>pertanian.untan.ac.id<BR>webdisk.pertanian.untan.ac.id<BR>webmail.pertanian.untan.ac.id<BR>www.pertanian.untan.ac.id

mail.pharm.untan.ac.id<BR>pharm.untan.ac.id<BR>www.pharm.untan.ac.id

cpanel.pharm.untan.ac.id<BR>mail.pharm.untan.ac.id<BR>pharm.untan.ac.id<BR>webdisk.pharm.untan.ac.id<BR>webmail.pharm.untan.ac.id<BR>www.pharm.untan.ac.id

cpanel.phisycs.untan.ac.id<BR>mail.phisycs.untan.ac.id<BR>phisycs.untan.ac.id<BR>webdisk.phisycs.untan.ac.id<BR>webmail.phisycs.untan.ac.id<BR>www.phisycs.untan.ac.id

phyedu.untan.ac.id

cpanel.phyedu.untan.ac.id<BR>mail.phyedu.untan.ac.id<BR>phyedu.untan.ac.id<BR>webdisk.phyedu.untan.ac.id<BR>webmail.phyedu.untan.ac.id<BR>www.phyedu.untan.ac.id

physics.untan.ac.id

mail.physics.untan.ac.id<BR>physics.untan.ac.id<BR>www.physics.untan.ac.id

cpanel.physics.untan.ac.id<BR>mail.physics.untan.ac.id<BR>physics.untan.ac.id<BR>webdisk.physics.untan.ac.id<BR>webmail.physics.untan.ac.id<BR>www.physics.untan.ac.id

pips.untan.ac.id

mail.pips.untan.ac.id<BR>pips.untan.ac.id<BR>www.pips.untan.ac.id

cpanel.pips.untan.ac.id<BR>mail.pips.untan.ac.id<BR>pips.untan.ac.id<BR>webdisk.pips.untan.ac.id<BR>webmail.pips.untan.ac.id<BR>www.pips.untan.ac.id

pipt.untan.ac.id

www.pipt.untan.ac.id

seminar.pipt.untan.ac.id

cpanel.seminar.pipt.untan.ac.id<BR>mail.seminar.pipt.untan.ac.id<BR>seminar.pipt.untan.ac.id<BR>webdisk.seminar.pipt.untan.ac.id<BR>webmail.seminar.pipt.untan.ac.id<BR>www.seminar.pipt.untan.ac.id

mail.plo.untan.ac.id<BR>plo.untan.ac.id<BR>www.plo.untan.ac.id

cpanel.plo.untan.ac.id<BR>mail.plo.untan.ac.id<BR>plo.untan.ac.id<BR>webdisk.plo.untan.ac.id<BR>webmail.plo.untan.ac.id<BR>www.plo.untan.ac.id

mail.plomipa.untan.ac.id<BR>plomipa.untan.ac.id<BR>www.plomipa.untan.ac.id

cpanel.plomipa.untan.ac.id<BR>mail.plomipa.untan.ac.id<BR>plomipa.untan.ac.id<BR>webdisk.plomipa.untan.ac.id<BR>webmail.plomipa.untan.ac.id<BR>www.plomipa.untan.ac.id

politics.untan.ac.id

cpanel.politics.untan.ac.id<BR>mail.politics.untan.ac.id<BR>politics.untan.ac.id<BR>webdisk.politics.untan.ac.id<BR>webmail.politics.untan.ac.id<BR>www.politics.untan.ac.id

www.ppid.untan.ac.id

mail.ppid.untan.ac.id<BR>ppid.untan.ac.id<BR>www.ppid.untan.ac.id

ppm.untan.ac.id

mail.ppm.untan.ac.id<BR>ppm.untan.ac.id<BR>www.ppm.untan.ac.id

cpanel.ppm.untan.ac.id<BR>mail.ppm.untan.ac.id<BR>ppm.untan.ac.id<BR>webdisk.ppm.untan.ac.id<BR>webmail.ppm.untan.ac.id<BR>www.ppm.untan.ac.id

presensi.untan.ac.id

mahasiswa.presensi.untan.ac.id

primedu.untan.ac.id

cpanel.primedu.untan.ac.id<BR>mail.primedu.untan.ac.id<BR>primedu.untan.ac.id<BR>webdisk.primedu.untan.ac.id<BR>webmail.primedu.untan.ac.id<BR>www.primedu.untan.ac.id

cpanel.proposal.untan.ac.id<BR>mail.proposal.untan.ac.id<BR>proposal.untan.ac.id<BR>webdisk.proposal.untan.ac.id<BR>webmail.proposal.untan.ac.id<BR>www.proposal.untan.ac.id

mail.ps-itn.untan.ac.id<BR>ps-itn.untan.ac.id<BR>www.ps-itn.untan.ac.id

cpanel.ps-itn.untan.ac.id<BR>mail.ps-itn.untan.ac.id<BR>ps-itn.untan.ac.id<BR>webdisk.ps-itn.untan.ac.id<BR>webmail.ps-itn.untan.ac.id<BR>www.ps-itn.untan.ac.id

ps-itp.untan.ac.id

mail.ps-itp.untan.ac.id<BR>ps-itp.untan.ac.id<BR>www.ps-itp.untan.ac.id

cpanel.ps-itp.untan.ac.id<BR>mail.ps-itp.untan.ac.id<BR>ps-itp.untan.ac.id<BR>webdisk.ps-itp.untan.ac.id<BR>webmail.ps-itp.untan.ac.id<BR>www.ps-itp.untan.ac.id

ptetc.untan.ac.id

cpanel.ptetc.untan.ac.id<BR>mail.ptetc.untan.ac.id<BR>ptetc.untan.ac.id<BR>webdisk.ptetc.untan.ac.id<BR>webmail.ptetc.untan.ac.id<BR>www.ptetc.untan.ac.id

pustakafisip.untan.ac.id

cpanel.pustakafisip.untan.ac.id<BR>mail.pustakafisip.untan.ac.id<BR>pustakafisip.untan.ac.id<BR>webdisk.pustakafisip.untan.ac.id<BR>webmail.pustakafisip.untan.ac.id<BR>www.pustakafisip.untan.ac.id

cpanel.pwa.untan.ac.id<BR>mail.pwa.untan.ac.id<BR>pwa.untan.ac.id<BR>webdisk.pwa.untan.ac.id<BR>webmail.pwa.untan.ac.id<BR>www.pwa.untan.ac.id

pwk.untan.ac.id

qulhaq.untan.ac.id

cpanel.qulhaq.untan.ac.id<BR>mail.qulhaq.untan.ac.id<BR>qulhaq.untan.ac.id<BR>webdisk.qulhaq.untan.ac.id<BR>webmail.qulhaq.untan.ac.id<BR>www.qulhaq.untan.ac.id

mail.repodig.untan.ac.id<BR>repodig.untan.ac.id<BR>www.repodig.untan.ac.id

repodig.untan.ac.id<BR>www.repodig.untan.ac.id

repository.untan.ac.id

mail.route.untan.ac.id<BR>route.untan.ac.id<BR>www.route.untan.ac.id

s2be.untan.ac.id

cpanel.s2be.untan.ac.id<BR>mail.s2be.untan.ac.id<BR>s2be.untan.ac.id<BR>webdisk.s2be.untan.ac.id<BR>webmail.s2be.untan.ac.id<BR>www.s2be.untan.ac.id

s2hukum.untan.ac.id

mail.s2hukum.untan.ac.id<BR>s2hukum.untan.ac.id<BR>www.s2hukum.untan.ac.id

cpanel.s2hukum.untan.ac.id<BR>mail.s2hukum.untan.ac.id<BR>s2hukum.untan.ac.id<BR>webdisk.s2hukum.untan.ac.id<BR>webmail.s2hukum.untan.ac.id<BR>www.s2hukum.untan.ac.id

mhs.s2hukum.untan.ac.id<BR>www.mhs.s2hukum.untan.ac.id

mail.s2kehutanan.untan.ac.id<BR>s2kehutanan.untan.ac.id<BR>www.s2kehutanan.untan.ac.id

cpanel.s2kehutanan.untan.ac.id<BR>mail.s2kehutanan.untan.ac.id<BR>s2kehutanan.untan.ac.id<BR>webdisk.s2kehutanan.untan.ac.id<BR>webmail.s2kehutanan.untan.ac.id<BR>www.s2kehutanan.untan.ac.id

s2pbi.untan.ac.id

cpanel.s2pbi.untan.ac.id<BR>mail.s2pbi.untan.ac.id<BR>s2pbi.untan.ac.id<BR>webdisk.s2pbi.untan.ac.id<BR>webmail.s2pbi.untan.ac.id<BR>www.s2pbi.untan.ac.id

sahabatquran.untan.ac.id

cpanel.sahabatquran.untan.ac.id<BR>mail.sahabatquran.untan.ac.id<BR>sahabatquran.untan.ac.id<BR>webdisk.sahabatquran.untan.ac.id<BR>webmail.sahabatquran.untan.ac.id<BR>www.sahabatquran.untan.ac.id

sbmptn.untan.ac.id

scmb.untan.ac.id

mail.scmb.untan.ac.id<BR>scmb.untan.ac.id<BR>www.scmb.untan.ac.id

cpanel.scmb.untan.ac.id<BR>mail.scmb.untan.ac.id<BR>scmb.untan.ac.id<BR>webdisk.scmb.untan.ac.id<BR>webmail.scmb.untan.ac.id<BR>www.scmb.untan.ac.id

sdm.untan.ac.id

cpanel.sdm.untan.ac.id<BR>mail.sdm.untan.ac.id<BR>sdm.untan.ac.id<BR>webdisk.sdm.untan.ac.id<BR>webmail.sdm.untan.ac.id<BR>www.sdm.untan.ac.id

cpanel.secre.untan.ac.id<BR>mail.secre.untan.ac.id<BR>secre.untan.ac.id<BR>webdisk.secre.untan.ac.id<BR>webmail.secre.untan.ac.id<BR>www.secre.untan.ac.id

service.untan.ac.id

siakad.untan.ac.id

dosen.siakad.untan.ac.id

siakad.untan.ac.id<BR>www.siakad.untan.ac.id

cpanel.siakad.untan.ac.id<BR>mail.siakad.untan.ac.id<BR>siakad.untan.ac.id<BR>webdisk.siakad.untan.ac.id<BR>webmail.siakad.untan.ac.id<BR>www.siakad.untan.ac.id

mahasiswa.siakad.untan.ac.id

sikesma.untan.ac.id

silap.untan.ac.id

simalum.untan.ac.id

simkatmawa.untan.ac.id

simlppm.untan.ac.id

cpanel.sintang.untan.ac.id<BR>mail.sintang.untan.ac.id<BR>sintang.untan.ac.id<BR>webdisk.sintang.untan.ac.id<BR>webmail.sintang.untan.ac.id<BR>www.sintang.untan.ac.id

mail.sisfo.untan.ac.id<BR>sisfo.untan.ac.id<BR>www.sisfo.untan.ac.id

cpanel.sisfo.untan.ac.id<BR>mail.sisfo.untan.ac.id<BR>sisfo.untan.ac.id<BR>webdisk.sisfo.untan.ac.id<BR>webmail.sisfo.untan.ac.id<BR>www.sisfo.untan.ac.id

student.sisfo.untan.ac.id<BR>www.student.sisfo.untan.ac.id

siskom.untan.ac.id

www.siskom.untan.ac.id

mail.siskom.untan.ac.id<BR>siskom.untan.ac.id<BR>www.siskom.untan.ac.id

cpanel.siskom.untan.ac.id<BR>mail.siskom.untan.ac.id<BR>siskom.untan.ac.id<BR>webdisk.siskom.untan.ac.id<BR>webmail.siskom.untan.ac.id<BR>www.siskom.untan.ac.id

jadwal.siskom.untan.ac.id<BR>www.jadwal.siskom.untan.ac.id

sister.untan.ac.id

skm.untan.ac.id

mail.skpp.untan.ac.id<BR>skpp.untan.ac.id<BR>www.skpp.untan.ac.id

cpanel.skpp.untan.ac.id<BR>mail.skpp.untan.ac.id<BR>skpp.untan.ac.id<BR>webdisk.skpp.untan.ac.id<BR>webmail.skpp.untan.ac.id<BR>www.skpp.untan.ac.id

snmptn.untan.ac.id

socedu.untan.ac.id

cpanel.socedu.untan.ac.id<BR>mail.socedu.untan.ac.id<BR>socedu.untan.ac.id<BR>webdisk.socedu.untan.ac.id<BR>webmail.socedu.untan.ac.id<BR>www.socedu.untan.ac.id

mail.social.untan.ac.id<BR>social.untan.ac.id<BR>www.social.untan.ac.id

mail.socio.untan.ac.id<BR>socio.untan.ac.id<BR>www.socio.untan.ac.id

mail.soilsc.untan.ac.id<BR>soilsc.untan.ac.id<BR>www.soilsc.untan.ac.id

mail.sportedu.untan.ac.id<BR>sportedu.untan.ac.id<BR>www.sportedu.untan.ac.id

spota.untan.ac.id

stat.untan.ac.id

cpanel.stat.untan.ac.id<BR>mail.stat.untan.ac.id<BR>stat.untan.ac.id<BR>webdisk.stat.untan.ac.id<BR>webmail.stat.untan.ac.id<BR>www.stat.untan.ac.id

mail.student.untan.ac.id<BR>student.untan.ac.id<BR>www.student.untan.ac.id

teacher.untan.ac.id

cpanel.teacher.untan.ac.id<BR>mail.teacher.untan.ac.id<BR>teacher.untan.ac.id<BR>webdisk.teacher.untan.ac.id<BR>webmail.teacher.untan.ac.id<BR>www.teacher.untan.ac.id

teknik.untan.ac.id

halosenat.teknik.untan.ac.id

halosenat.teknik.untan.ac.id<BR>mail.halosenat.teknik.untan.ac.id<BR>www.halosenat.teknik.untan.ac.id

cpanel.halosenat.teknik.untan.ac.id<BR>halosenat.teknik.untan.ac.id<BR>mail.halosenat.teknik.untan.ac.id<BR>webdisk.halosenat.teknik.untan.ac.id<BR>webmail.halosenat.teknik.untan.ac.id<BR>www.halosenat.teknik.untan.ac.id

mail.teknik.untan.ac.id<BR>teknik.untan.ac.id<BR>www.teknik.untan.ac.id

teknik.untan.ac.id<BR>www.teknik.untan.ac.id

cpanel.teknik.untan.ac.id<BR>mail.teknik.untan.ac.id<BR>teknik.untan.ac.id<BR>webdisk.teknik.untan.ac.id<BR>webmail.teknik.untan.ac.id<BR>www.teknik.untan.ac.id

insentif.teknik.untan.ac.id

cpanel.insentif.teknik.untan.ac.id<BR>insentif.teknik.untan.ac.id<BR>mail.insentif.teknik.untan.ac.id<BR>webdisk.insentif.teknik.untan.ac.id<BR>webmail.insentif.teknik.untan.ac.id<BR>www.insentif.teknik.untan.ac.id

sa.teknik.untan.ac.id

sp.teknik.untan.ac.id

mail.sp.teknik.untan.ac.id<BR>sp.teknik.untan.ac.id<BR>www.sp.teknik.untan.ac.id

teknikkelautan.untan.ac.id

mail.teknikkimia.untan.ac.id<BR>teknikkimia.untan.ac.id<BR>www.teknikkimia.untan.ac.id

cpanel.teknikkimia.untan.ac.id<BR>mail.teknikkimia.untan.ac.id<BR>teknikkimia.untan.ac.id<BR>webdisk.teknikkimia.untan.ac.id<BR>webmail.teknikkimia.untan.ac.id<BR>www.teknikkimia.untan.ac.id

teknikmesin.untan.ac.id

cpanel.teknikmesin.untan.ac.id<BR>mail.teknikmesin.untan.ac.id<BR>teknikmesin.untan.ac.id<BR>webdisk.teknikmesin.untan.ac.id<BR>webmail.teknikmesin.untan.ac.id<BR>www.teknikmesin.untan.ac.id

tekniksipil.untan.ac.id

cpanel.tekniksipil.untan.ac.id<BR>mail.tekniksipil.untan.ac.id<BR>tekniksipil.untan.ac.id<BR>webdisk.tekniksipil.untan.ac.id<BR>webmail.tekniksipil.untan.ac.id<BR>www.tekniksipil.untan.ac.id

thamrinusman.untan.ac.id

mail.thamrinusman.untan.ac.id<BR>thamrinusman.untan.ac.id<BR>www.thamrinusman.untan.ac.id

cpanel.thamrinusman.untan.ac.id<BR>mail.thamrinusman.untan.ac.id<BR>thamrinusman.untan.ac.id<BR>webdisk.thamrinusman.untan.ac.id<BR>webmail.thamrinusman.untan.ac.id<BR>www.thamrinusman.untan.ac.id

mail.ti.untan.ac.id<BR>ti.untan.ac.id<BR>www.ti.untan.ac.id

tik.untan.ac.id

cpanel.tik.untan.ac.id<BR>mail.tik.untan.ac.id<BR>tik.untan.ac.id<BR>webdisk.tik.untan.ac.id<BR>webmail.tik.untan.ac.id<BR>www.tik.untan.ac.id

kursus.tik.untan.ac.id

kursus.tik.untan.ac.id<BR>mail.kursus.tik.untan.ac.id<BR>www.kursus.tik.untan.ac.id

cpanel.kursus.tik.untan.ac.id<BR>kursus.tik.untan.ac.id<BR>mail.kursus.tik.untan.ac.id<BR>webdisk.kursus.tik.untan.ac.id<BR>webmail.kursus.tik.untan.ac.id<BR>www.kursus.tik.untan.ac.id

toman.untan.ac.id

mail.traceralumni.untan.ac.id<BR>traceralumni.untan.ac.id<BR>www.traceralumni.untan.ac.id

tracerstudy.untan.ac.id

mail.tracerstudy.untan.ac.id<BR>tracerstudy.untan.ac.id<BR>www.tracerstudy.untan.ac.id

cpanel.translate.untan.ac.id<BR>webdisk.translate.untan.ac.id<BR>webmail.translate.untan.ac.id

mail.translator.untan.ac.id<BR>translator.untan.ac.id<BR>www.translator.untan.ac.id

mail.tutep.untan.ac.id<BR>tutep.untan.ac.id<BR>www.tutep.untan.ac.id

cpanel.tutep.untan.ac.id<BR>mail.tutep.untan.ac.id<BR>tutep.untan.ac.id<BR>webdisk.tutep.untan.ac.id<BR>webmail.tutep.untan.ac.id<BR>www.tutep.untan.ac.id

cpanel.ujibandwidth.untan.ac.id<BR>mail.ujibandwidth.untan.ac.id<BR>ujibandwidth.untan.ac.id<BR>webdisk.ujibandwidth.untan.ac.id<BR>webmail.ujibandwidth.untan.ac.id<BR>www.ujibandwidth.untan.ac.id

mail.ululalbab.untan.ac.id<BR>ululalbab.untan.ac.id<BR>www.ululalbab.untan.ac.id

uptbahasa.untan.ac.id

mail.uptbahasa.untan.ac.id<BR>uptbahasa.untan.ac.id<BR>www.uptbahasa.untan.ac.id

cpanel.urp.untan.ac.id<BR>mail.urp.untan.ac.id<BR>urp.untan.ac.id<BR>webdisk.urp.untan.ac.id<BR>webmail.urp.untan.ac.id<BR>www.urp.untan.ac.id

webmail.untan.ac.id

website.untan.ac.id

www.website.untan.ac.id

mail.website.untan.ac.id<BR>website.untan.ac.id<BR>www.website.untan.ac.id

mail.websitenew.untan.ac.id<BR>websitenew.untan.ac.id<BR>www.websitenew.untan.ac.id

wr3.untan.ac.id

cpanel.wr3.untan.ac.id<BR>mail.wr3.untan.ac.id<BR>webdisk.wr3.untan.ac.id<BR>webmail.wr3.untan.ac.id<BR>wr3.untan.ac.id<BR>www.wr3.untan.ac.id

